tipo,nombres,apellidos,dni,especialidad,telefono,usuario,contrasenia
2,Lacy,Garrison,3649929,Pediatría,959750794,lgarrison,7110EDA4D09E062AA5E4A390B0A572AC0D2C0220
2,Ebony,Nunez,14874545,Gineco obstetricia,970617039,enunez,7110EDA4D09E062AA5E4A390B0A572AC0D2C0221
2,Cailin,Pratt,30308977,Medicina Intensiva,971856497,cpratt,7110EDA4D09E062AA5E4A390B0A572AC0D2C0222
2,Noah,Blanchard,45070972,Neumología,982777387,nblanchard,7110EDA4D09E062AA5E4A390B0A572AC0D2C0223
2,Zeus,Hood,32197319,Pediatría,950509156,zhood,7110EDA4D09E062AA5E4A390B0A572AC0D2C0224
2,Emery,Reynolds,98530748,Medicina física y rehabilitación,913610910,ereynolds,7110EDA4D09E062AA5E4A390B0A572AC0D2C0225
2,Karina,Gallegos,56666370,Gineco obstetricia,924577782,kgallegos,7110EDA4D09E062AA5E4A390B0A572AC0D2C0226
2,Hayfa,Beck,83109668,Endocrinología,972762784,hbeck,7110EDA4D09E062AA5E4A390B0A572AC0D2C0227
2,Jackson,Brennan,18986698,Infectología,924856041,jbrennan,7110EDA4D09E062AA5E4A390B0A572AC0D2C0228
2,Blythe,Mooney,14196323,Dermatología,983747566,bmooney,7110EDA4D09E062AA5E4A390B0A572AC0D2C0229
2,Larissa,Spence,82268447,Cardiología,908617915,lspence,7110EDA4D09E062AA5E4A390B0A572AC0D2C0230
2,Brenda,Morrison,774596,Pediatría,959355827,bmorrison,7110EDA4D09E062AA5E4A390B0A572AC0D2C0231
2,Rigel,Calhoun,98276937,Cirugía,978116662,rcalhoun,7110EDA4D09E062AA5E4A390B0A572AC0D2C0232
2,Adrian,Walker,27814551,Gineco obstetricia,917872420,awalker,7110EDA4D09E062AA5E4A390B0A572AC0D2C0233
2,Sydney,Walters,42955426,Radiología,996056440,swalters,7110EDA4D09E062AA5E4A390B0A572AC0D2C0234
2,Hilel,Harper,14488790,Dermatología,983330188,hharper,7110EDA4D09E062AA5E4A390B0A572AC0D2C0235
2,Alfonso,Bowers,72119234,Oncología,966133137,abowers,7110EDA4D09E062AA5E4A390B0A572AC0D2C0236
2,Meredith,Ferrell,6497539,Oncología,956098736,mferrell,7110EDA4D09E062AA5E4A390B0A572AC0D2C0237
2,Upton,Luna,80687836,Radiología,988062262,uluna,7110EDA4D09E062AA5E4A390B0A572AC0D2C0238
2,Bernard,Meyer,26987196,Oftalmología,982101328,bmeyer,7110EDA4D09E062AA5E4A390B0A572AC0D2C0239
2,Geraldine,Chang,16469933,Psiquiatría,908049773,gchang,7110EDA4D09E062AA5E4A390B0A572AC0D2C0240
2,Roth,Wise,81900516,Neumología,910914809,rwise,7110EDA4D09E062AA5E4A390B0A572AC0D2C0241
2,Leroy,Levy,24123627,Oncología,965251621,llevy,7110EDA4D09E062AA5E4A390B0A572AC0D2C0242
2,Bryar,Collier,58479552,Medicina Intensiva,920753679,bcollier,7110EDA4D09E062AA5E4A390B0A572AC0D2C0243
2,Emmanuel,Rich,3397074,Neumología,945531441,erich,7110EDA4D09E062AA5E4A390B0A572AC0D2C0244
2,Vance,Nash,61507245,Patología,993732827,vnash,7110EDA4D09E062AA5E4A390B0A572AC0D2C0245
2,Cameron,Sparks,63218130,Infectología,987647952,csparks,7110EDA4D09E062AA5E4A390B0A572AC0D2C0246
2,Wing,George,98311936,Oftalmología,954933926,wgeorge,7110EDA4D09E062AA5E4A390B0A572AC0D2C0247
2,Melyssa,Higgins,57351230,Cardiología,936723408,mhiggins,7110EDA4D09E062AA5E4A390B0A572AC0D2C0248
2,Yuli,Cooley,18764565,Infectología,994997319,ycooley,7110EDA4D09E062AA5E4A390B0A572AC0D2C0249
2,Illana,Jones,72118034,Nefrología,930864030,ijones,7110EDA4D09E062AA5E4A390B0A572AC0D2C0250
2,Whitney,Gardner,49302687,Cirugía,955527348,wgardner,7110EDA4D09E062AA5E4A390B0A572AC0D2C0251
2,Lael,Holcomb,83221937,Medicina Intensiva,919212471,lholcomb,7110EDA4D09E062AA5E4A390B0A572AC0D2C0252
2,Clementine,Henderson,11296718,Psiquiatría,936088822,chenderson,7110EDA4D09E062AA5E4A390B0A572AC0D2C0253
2,Lee,Sweeney,41361593,Gastroenterología,934872081,lsweeney,7110EDA4D09E062AA5E4A390B0A572AC0D2C0254
2,Roth,Ray,48109796,Otorrinolaringología,975475303,rray,7110EDA4D09E062AA5E4A390B0A572AC0D2C0255
2,Vera,Ross,6788850,Neurología,936833720,vross,7110EDA4D09E062AA5E4A390B0A572AC0D2C0256
2,Reed,Sparks,798462,Infectología,902753420,rsparks,7110EDA4D09E062AA5E4A390B0A572AC0D2C0257
2,Tallulah,Carroll,23489903,Endocrinología,998310875,tcarroll,7110EDA4D09E062AA5E4A390B0A572AC0D2C0258
2,Kelly,Mcmillan,92561414,Cirugía,940213888,kmcmillan,7110EDA4D09E062AA5E4A390B0A572AC0D2C0259
2,Nerea,Palmer,4025651,Oncología,950981755,npalmer,7110EDA4D09E062AA5E4A390B0A572AC0D2C0260
2,Donovan,Grimes,63377335,Radiología,951564452,dgrimes,7110EDA4D09E062AA5E4A390B0A572AC0D2C0261
2,Asher,Gomez,10180857,Dermatología,994918560,agomez,7110EDA4D09E062AA5E4A390B0A572AC0D2C0262
2,Bruno,Adkins,55564723,Psiquiatría,972078070,badkins,7110EDA4D09E062AA5E4A390B0A572AC0D2C0263
2,Leandra,Osborne,7967810,Médicina Interna,912900207,losborne,7110EDA4D09E062AA5E4A390B0A572AC0D2C0264
2,Mia,Mayo,16343801,Urología,919735670,mmayo,7110EDA4D09E062AA5E4A390B0A572AC0D2C0265
2,Price,Gates,7212697,Médicina Interna,985821549,pgates,7110EDA4D09E062AA5E4A390B0A572AC0D2C0266
2,Dennis,Pena,72209034,Nefrología,973205984,dpena,7110EDA4D09E062AA5E4A390B0A572AC0D2C0267
2,Xavier,Valentine,78912981,Patología,963680960,xvalentine,7110EDA4D09E062AA5E4A390B0A572AC0D2C0268
2,Alma,Calderon,50657354,Pediatría,985642637,acalderon,7110EDA4D09E062AA5E4A390B0A572AC0D2C0269
2,Amir,Bush,89188183,Neurología,981203525,abush,7110EDA4D09E062AA5E4A390B0A572AC0D2C0270
2,Drew,Klein,21762547,Cirugía,926850381,dklein,7110EDA4D09E062AA5E4A390B0A572AC0D2C0271
2,Sheila,Lyons,31922699,Cardiología,929665568,slyons,7110EDA4D09E062AA5E4A390B0A572AC0D2C0272
2,Chelsea,Clemons,7457566,Psiquiatría,948298013,cclemons,7110EDA4D09E062AA5E4A390B0A572AC0D2C0273
2,Warren,Ferguson,51220016,Medicina física y rehabilitación,932674332,wferguson,7110EDA4D09E062AA5E4A390B0A572AC0D2C0274
2,Amos,Hester,3134331,Pediatría,923189564,ahester,7110EDA4D09E062AA5E4A390B0A572AC0D2C0275
2,Macey,Winters,56753466,Oftalmología,934672141,mwinters,7110EDA4D09E062AA5E4A390B0A572AC0D2C0276
2,Emmanuel,Mcdonald,25529288,Anestesiología,981613761,emcdonald,7110EDA4D09E062AA5E4A390B0A572AC0D2C0277
2,Cherokee,Michael,27767080,Gastroenterología,933483229,cmichael,7110EDA4D09E062AA5E4A390B0A572AC0D2C0278
2,Dacey,Mccall,50914052,Oncología,989757145,dmccall,7110EDA4D09E062AA5E4A390B0A572AC0D2C0279
2,August,Munoz,30599307,Neurología,949852297,amunoz,7110EDA4D09E062AA5E4A390B0A572AC0D2C0280
2,Candice,Torres,6263633,Dermatología,987909615,ctorres,7110EDA4D09E062AA5E4A390B0A572AC0D2C0281
2,Amethyst,Slater,31685657,Patología,963962422,aslater,7110EDA4D09E062AA5E4A390B0A572AC0D2C0282
2,Ginger,Graves,57822895,Otorrinolaringología,991254059,ggraves,7110EDA4D09E062AA5E4A390B0A572AC0D2C0283
2,Amos,Kirby,69453666,Medicina Intensiva,995775793,akirby,7110EDA4D09E062AA5E4A390B0A572AC0D2C0284
2,Debra,Rice,16495034,Psiquiatría,982918266,drice,7110EDA4D09E062AA5E4A390B0A572AC0D2C0285
2,Debra,Armstrong,57061235,Neumología,972664840,darmstrong,7110EDA4D09E062AA5E4A390B0A572AC0D2C0286
2,Remedios,Curtis,5126314,Otorrinolaringología,944610736,rcurtis,7110EDA4D09E062AA5E4A390B0A572AC0D2C0287
2,Germane,Keller,78566458,Medicina Familiar,911290397,gkeller,7110EDA4D09E062AA5E4A390B0A572AC0D2C0288
2,Adrian,Bailey,90417409,Anestesiología,961796572,abailey,7110EDA4D09E062AA5E4A390B0A572AC0D2C0289
2,Devin,Harrison,62660632,Anestesiología,950499543,dharrison,7110EDA4D09E062AA5E4A390B0A572AC0D2C0290
2,Tyrone,Todd,59146008,Neumología,951071800,ttodd,7110EDA4D09E062AA5E4A390B0A572AC0D2C0291
2,Gillian,Pace,40699158,Otorrinolaringología,987145461,gpace,7110EDA4D09E062AA5E4A390B0A572AC0D2C0292
2,Bruno,Henson,15447798,Cardiología,910924746,bhenson,7110EDA4D09E062AA5E4A390B0A572AC0D2C0293
2,Ivy,Howard,74814871,Infectología,985485159,ihoward,7110EDA4D09E062AA5E4A390B0A572AC0D2C0294
2,Sarah,Ball,16331810,Cirugía,949572389,sball,7110EDA4D09E062AA5E4A390B0A572AC0D2C0295
2,Myles,Tillman,95584949,Oncología,919888188,mtillman,7110EDA4D09E062AA5E4A390B0A572AC0D2C0296
2,Charde,Lancaster,28033426,Pediatría,928178183,clancaster,7110EDA4D09E062AA5E4A390B0A572AC0D2C0297
2,Ashton,Schneider,30102872,Otorrinolaringología,923413654,aschneider,7110EDA4D09E062AA5E4A390B0A572AC0D2C0298
2,Indira,Donaldson,65482189,Cirugía,973682521,idonaldson,7110EDA4D09E062AA5E4A390B0A572AC0D2C0299
2,Dominic,Hendricks,95625750,Médicina Interna,958962599,dhendricks,7110EDA4D09E062AA5E4A390B0A572AC0D2C0300
2,Hedy,Bernard,6982770,Infectología,924270200,hbernard,7110EDA4D09E062AA5E4A390B0A572AC0D2C0301
2,Tasha,Barr,4734828,Neumología,913692143,tbarr,7110EDA4D09E062AA5E4A390B0A572AC0D2C0302
2,Jeremy,Koch,33860625,Endocrinología,985566364,jkoch,7110EDA4D09E062AA5E4A390B0A572AC0D2C0303
2,Mechelle,Ballard,40165396,Neurología,970072630,mballard,7110EDA4D09E062AA5E4A390B0A572AC0D2C0304
2,Danielle,Stein,50184275,Anestesiología,903743463,dstein,7110EDA4D09E062AA5E4A390B0A572AC0D2C0305
2,Hamilton,Stevens,52133822,Urología,954624555,hstevens,7110EDA4D09E062AA5E4A390B0A572AC0D2C0306
2,Sade,Stuart,70868501,Neurología,939945946,sstuart,7110EDA4D09E062AA5E4A390B0A572AC0D2C0307
2,Rafael,Mosley,3844003,Cardiología,933290053,rmosley,7110EDA4D09E062AA5E4A390B0A572AC0D2C0308
2,Angela,Lester,74233710,Radiología,961550295,alester,7110EDA4D09E062AA5E4A390B0A572AC0D2C0309
2,Karly,Snow,94296153,Patología,980413996,ksnow,7110EDA4D09E062AA5E4A390B0A572AC0D2C0310
2,Savannah,Ruiz,4328376,Gineco obstetricia,979321688,sruiz,7110EDA4D09E062AA5E4A390B0A572AC0D2C0311
2,Latifah,Mueller,72649653,Endocrinología,911453579,lmueller,7110EDA4D09E062AA5E4A390B0A572AC0D2C0312
2,Coby,Mccormick,92722345,Endocrinología,956133091,cmccormick,7110EDA4D09E062AA5E4A390B0A572AC0D2C0313
2,Wesley,Orr,48469794,Infectología,904243175,worr,7110EDA4D09E062AA5E4A390B0A572AC0D2C0314
2,Honorato,Leon,69596962,Radiología,955696763,hleon,7110EDA4D09E062AA5E4A390B0A572AC0D2C0315
2,Raya,Henderson,59742164,Infectología,981494812,rhenderson,7110EDA4D09E062AA5E4A390B0A572AC0D2C0316
2,Leonard,Lewis,91485127,Anestesiología,964905460,llewis,7110EDA4D09E062AA5E4A390B0A572AC0D2C0317
2,Wendy,Brown,22032585,Medicina Intensiva,969629300,wbrown,7110EDA4D09E062AA5E4A390B0A572AC0D2C0318
2,Rana,Sanders,22540635,Gastroenterología,933633515,rsanders,7110EDA4D09E062AA5E4A390B0A572AC0D2C0319
